product,category
Sport Kókusz Duó,
Milsani Biactiv joghurt L. casei,
Milfina - desira Alpesi vagy márkázott vaj,
Pick Sertéskaraj,
Nature's gold Hullámos burgonya,
Tesoros del sur Spanyol szalámispecialitás,
Baromfirudacska,
Milfina Reszelt trappista sajt,
Snack fun Földimogyoró,
Csirkemell csemege vagy pulykacomb csemege,
Tavaszi baromfiszelet,
Vital fruits Light multivitamin-nektár,
Újburgonya,
Azon melegében Bajor fonottka sajttal,
Lapos barack,
Matilde vicenzi Grisbi töltött keksz,
Stella artois Világos sör,
"Riska Félzsíros, félkemény sajt",
Milfina Epres rudi,
Etyek-buda Etyeki Kúria White,
Fanta vagy sprite vagy coca-cola vagy coca-cola zero vagy kinley ginger vagy cherry coke vagy kinley tonic,
Kunsági éden Napraforgóolaj,
Bbq Csirke grilltál,
Nature's gold Mexikói zöldségkeverék,
Danone Activia joghurt vagy Oikos Görög joghurt,
Húsmester Csirkemáj vagy csirkezúza,
Villány Cuvée,
Milfina Szeletelt sajtmix,
Laktózmentes riska Laktózmentes kakaó,
Karaván Parenyica,
Borsodi Friss,
Dán darabolt sajt,
La vache qui rit,
Toastkenyér,
Moser roth Bio csokoládé,
St. valentins Prémium búzasör,
Cucina nobile Olasz keménysajt,
Happy harvest Tarkabab,
Primana Sajt snack válogatás,
Coq Fadobozos francia camembert sajt,
Alpro Szójagurt,
Dán szeletelt sajt,
Gourmet Csokoládéba mártott gyümölcsök,
Liga Sütőmargarin,
Sweet land Tejkaramella,
Rio mare Paté tonhal- vagy lazacpástétom,
Azon melegében Mexikói párna,
Snack fun Hummus chips,
Édesburgonya,
Pick Sertéstarja,
Flying power Energiaital,
Bergkönig Világos sör,
Haribo Spagetti gumicukorka,
Pöttyös Túró rudi,
Happy harvest FAIRTRADE nádcukor,
Kinder Bueno vagy Bueno White,
Iglo Sóskamártás,
Bella Csokoládé,
Rufus Kutyaeledel,
Azon melegében Rusztikus bagett,
Nature's gold Serpenyős zöldségek,
Milfina Kenhető keverék,
Milfina Bryndza,
San zenone Chiant,
Enjoy free! Puffasztott rizsszelet,
Snack fun Burgonyasnack,
Száraz macskaeledel,
Muffin,
Bellasan Napraforgóétolaj,
Pápai Mestersonka,
Almare seafood Szardínia,
Cucina nobile Passzírozott paradicsom,
Suprawisch Nedves tisztítókendő,
Füstöltke,
Húsmester Darált sertéshús,
Asia Ázsiai instant tésztaétel,
Amaroy Grande Selezione szemes kávé,
Azon melegében Nosztalgiakifli,
Pick Sertéspárizsi,
Cucina nobile - new lifestyle Mozzarella,
Kovászolni való uborka,
Cucina nobile Olasz desszert,
Sió Őszibarackital,
Csemegeszalonna,
Maggi Fix alap,
Spitz Brandy 1857 ***,
"Azon melegében Cukormentes, teljes kiőrlésű kakaós dupla tekercs",
"Solo Jumbo konyhai törlőkendő, 3 tekercs",
Pure fruits Narancslé,
Milfina Teavaj,
Fürtös paradicsom,
Enjoy free! Gluténmentes vekni,
Szárnyassonka-variációk,
Milfina Ementáli sajt,
Hola! Palmeritas,
Alpro Kávés ital,
Snack time Salátatál,
Almare seafood Norvég lazacfilé,
Arc royal Scotch Whisky,
Kinder Maxi King,
Hola! Spanyol Manzanilla olívabogyó,
"Őrölt, pörkölt kávé",
Goldland Mini fasírtgolyók,
"Milfina Gouda sajt, szeletelt",
Cucina nobile Grana Padano kockák,
Goldland Tojás,
Feketeerdei nyers sonka,
Happy fruits Őszibarackital,
Haribo Mini Mix,
Szekszárd Lajvér Aura,
Snack fun Lencsechips,
Gourmet Vegyes trüffelpraliné,
Sweet valley Gyümölcssaláta,
Milfina Ayran,
Kockás Túrórúd,
Bella Étkezési mák,
Milfina - enjoy free! Körözött,
Milfina - enjoy free! Habspray,
Szarvasi mozzarella Mozzarella mini,
Starbucks Starbucks Frappuccino,
Snack fun Zöldségchips vagy édesburgonyachips,
Azon melegében Teljes kiőrlésű szilvás táska,
Málnás vagy almás üdítőital,
Cserpes sajtműhely Élőflórás joghurt,
Naturland D-vitamin Forte 4 000 NE,
Azon melegében Sajtkrémes rúd,
Happy harvest Panírmorzsa,
Almare seafood Garnélarák,
Grandessa Mini-Mix jégkrém,
Egger Világos sör,
Sió Rostos üdítőital,
Cukormentes szörp,
Csemegesonka,
Amaroy Kávéital,
Piros Mogyorókrém,
Milfina - new lifestyle Friss sajt,
Mr. perkins Cold Brew gyümölcsteakeverék,
Nestea,
Rufus Kutyaszalámi,
Földimogyoró,
Tchibo Family,
Azon melegében Mini-burek,
New lifestyle Wraps,
Milli Krémtúró XXL,
Tokaj Angyal Szépség,
Soproni APA Óvatos Duhaj,
Le gusto Kuszkusz,
Cucina nobile Tiramisupiskóta,
Carloni Penne,
Császár Csigatészta,
Finest bakery Vajas keksz,
Crane Vitaminital ZERO,
Almare seafood Vadlazacfilé,
Natur aktiv Bio penne vagy fusilli,
Flora Margarin,
Happy harvest Zabpehely,
Pécsi sörfőzde Radler,
Carloni Mozzarella,
Wonnemeyer Keleti saláta,
Soproni Óvatos Duhaj APA,
Aranykalász Teljes kiőrlésű búzaliszt,
Kinder Schokobons,
Goldland Hamburgerhúspogácsa,
Milfina Trio Selection,
Happy harvest Prémium müzli,
Bords eve Margarin,
Cabernet sauvignon syrah,
Roi de trefle Eredeti francia brie sajt,
Bella Darált mák,
Gourmet Színes farfalle,
Milfina - new lifestyle Sovány krémtehéntúró,
Villány Zweigelt Syrah,
Császár Cérnametélt,
Császár Fodros nagykocka,
Szarvasi mozzarella Szeletelt mozzarella,
Leerdammer Original,
Füstölt házi szalonna,
Azon melegében Meggyes táska,
Azon melegében Sokmagvas bagett,
Pick Téliszalámi,
Ritter sport Étcsokoládé,
Dunántúl Szürkebarát,
Grandessa Prémium jégkrém,
Milfina Félzsíros tehéntúró,
Lomee Majonéz,
Azon melegében Virslis táska,
Húsmester Marhagulyáshús,
Milfina - enjoy free! Laktózmentes UHT tej,
Kockázott bacon,
Natur aqua Ásványvíz,
Sweet valley Puha aszalt gyümölcsök,
Nature's gold Rántott trappista sajt,
Bella Édes készételek,
Müller Energy tejital,
Sixtusbräu Világos sör,
Snack fun Smiling Bear burgonyaszirom,
Enjoy free! - snack fun Puffasztott rizs- vagy búzaszelet,
Silan Öblítő,
Ferrero Pocket Coffee vagy Mon Cheri,
Almare seafood Halfilé leveles tésztában,
Villány Cabernet Franc,
Azon melegében Francia kakaós-mogyorókrémes töltött croissant,
Le gusto Crouton zsemlekocka,
Milli Krémtúró,
Tandil Gépi mosogatótabletta,
Snack fun Pörkölt csicseriborsó,
Császár Spagetti,
Roi de treflé Eredeti francia brie sajt,
Gourmet Vegyes trüffel-praliné,
Zappalá Reszelt ricotta,
Happy harvest Fehér vagy csokoládés gabonapárna,
Cucina nobile Kövön sütött pizza,
Kokárdás Tömlős sajt,
Happy harvest Egzotikus magvak,
Csokoládélapocskák,
Azon melegében Mini tökmagos bagett,
San zenone Rosso Toscana,
Snack fun Tortillachips,
Győri édes Omlós keksz,
Gourmet Kacsa- vagy libamájpástétom,
Snack fun Mini kenyérchips,
Milfina UHT tej,
Padlizsán,
Bella Zsírszegény kakaópor,
Lomee Majonéz vagy remulád-mártás,
Delma Margarin,
Miflina Sajtkrém,
Asia tea,
Ile de france Francia szeletelt sajt,
Goldland Sajttal töltött csirkemell,
Wernesgrüner Világos sör,
Etyek - buda Etyeki Kúria,
Kokárdás Trappista sajt,
Kokárdás Szendvicskrém,
Milfina Kávétejszín,
Wonnemeyer Guacamole,
Angol karaj,
Löwenbräu Világos sör,
Balticovo Sütésre kész palacsintatészta vagy Folyékony tojásfehérje,
Goldland Retró bélszínroló,
Danone Danonino,
Bellasan Olívaolajos margarin,
Milfina UHT habtejszín,
Milfina Camembert sajt,
Nature's gold Pfefferoni,
Carloni Passzírozott paradicsom,
Milfina Sűrített tej,
Cucina nobile Bagett,
Húsmester Csirkeszárny,
Happy harvest Chia mag,
Milfina Lapkasajt,
Milfina Kakaós tej,
Almare seafood Makrélafilé,
Bergkönig Prémium világos sör,
Happy harvest Konyhakész hosszúszemű rizs,
Cucina nobile Tésztaételek,
Pille Kefir,
Azon melegében Májas kocka,
Carloni Gnocchi vagy tortelloni,
Lomee Ételecet,
Die deichkäserei Észak-német sajtspecialitás,
Happy harvest Diákcsemege,
Milfina Tejszelet,
Landliebe Joghurt,
Desperados,
Prémium sertéssonka,
Azon melegében Sajtos stangli,
Azon melegében Almás háromszög,
Azon melegében Kovászos cipó,
Bahlsen Hit keksz XXL,
Milfina Túródesszert gyümölccsel,
Milfina Tejszínes ömlesztett sajt,
Bona vita Black & White gabonapárna,
Lövenbräu Világos sör,
Milfina Friss sajt,
Duna-tisza közi Cserszegi Fűszeres,
Fűszeres pulykasonka,
Húsmester Friss pecsenyekacsamellfilé bőrrel,
Le gusto Tárkonyos mustár,
Milfina Tejföl,
Löncshús,
Heineken Minőségi világos sör,
Herzog alba pezsgő,
Soproni Démon Óvatos Duhaj,
Pulykamellsonka aszpikban,
Folio Zárószalagos szemeteszsák,
Pur Mosogatószer,
Balatonboglár Kislaki Légli Géza,
Szekszárd Kajmád,
Rétes,
Storck Merci Petits vagy Merci,
Azon melegében Barackos-vaníliapudingos párna,
Gesztenyepüré édesítőszerekkel,
Nature's gold Cornichons savanyú uborka,
Tandil Általános tisztítószer,
Cucina nobile Tésztaszósz,
"Kokett Illatos papír zsebkendő, dobozos",
Pfanner Gyümölcslé,
Goldland Hamburger-húspogácsa,
Cucina nobile Sűrített paradicsom,
Gullón Teljes kiőrlésű zabkeksz,
Apenta Málnaízű szénsavas üdítőital,
Ferrero Rocher,
Goldland Extra sárga tojás,
Gourmet Tésztakülönlegesség,
Finest bakery Tortavariációk,
"Schär Gluténmentes, magvas vekni",
New lifestyle Szeletelt sajtok,
Palermo paprika,
Rama Sütőmargarin,
Gusto italiano - hola! Prosciutto Crudo vagy Serrano sonka,
Romeo excellence Kutya jutalomfalat,
Danone Oikos Görög joghurt,
Húsmester Marhacomb,
Johnsen Gin,
Happy harvest Gabonaválogatás,
Mints cukormentes cukorka,
Nature's gold Franciasaláta- vagy mexikói zöldségkeverék,
Almare seafood Sült heringfilé,
Balaton Eleven,
Multinorm C-vitamin 1 000 mg,
Goldland Bécsi szelet,
Lyttos Ouzo,
San zenone Chianti,
Tremondi Nemzetközi szalámispecialitások,
Landliebe Szeletelt sajt,
Hofburger Reszelt sajt,
Kozel sör,
Matilde vicenzi Grisbi gluténmentes töltött keksz,
"Gartengold Vágott, sárga hüvelyű zöldbab",
Müller Tejberizs,
Bella Kókuszreszelék,
Lyttos Görög olívabogyó,
Pure fruits Paradicsomlé,
Nádudvari Laktózmentes túró vagy sovány túró,
Bon-ri Kerekszemű rizs,
Snack fun Hagymás-tejfölös chips,
Sweet valley Erdei gyümölcs vagy eper,
Húsmester Levesmix,
Silverstone Barna rum,
Macskaeledel,
Csemege sonka,
"Azon melegében Hozzáadott cukor nélküli, teljes kiőrlésű kakaós dupla tekercs",
Carloni Spagetti,
Milfina Cottage Cheese,
Milfina - new lifestyle Lapkasajt,
Milfina Körözött,
Finest bakery Töltött ostya,
Ferrero Pocket Coffee,
Bécsi virsli vagy koktél bécsi virsli,
Romeo Kutyaeledel,
Taste of america Tortilla wraps,
Gourmet Roquefort AOP,
Húsmester Csirkefelső- vagy csirkealsócomb,
Almare seafood Zöldséges tonhalsaláta,
Lomee Kocsonya,
Császár Cérnametélt vagy csigatészta vagy eperlevél,
Azon melegében Teljes kiőrlésű többmagvas vegán croissant,
Nature's gold Franciasaláta vagy mexikói zöldségkeverék,
Valdor Friss pecsenyekacsa mellfilé bőrrel,
Milfina ”Seetaler” alpesi szeletelt sajt,
Karaván Karaván sajt,
Bodzaszörp,
New lifestyle Kemencés sült sonka,
Villány Günzer borok,
Nivea Deo spray vagy golyós dezodor,
Old hopking Fehér rum,
Castello Olívaolaj,
Müller Tejital arabica kávéval,
Pfanner Jegestea,
Natur aktiv Bio gyümölcsszelet,
Landhof Ínyenc sonka,
Milfina Füstölt parenyica sajt,
Baromfifelvágott,
Darling Teljes értékű kutyaeledel,
Milsani Gyümölcsjoghurt,
"Snack fun Pörkölt, sózott tökmag",
Ír vaj,
Szamos Aranykocka,
Müller Protein+ tejital,
Pedigree Jutalomfalat,
Grandessa Light extradzsem,
Whiskas Száraz macskaeledel,
Azon melegében Mákos-mézes táska,
Gyulai Vastagkolbász,
Happy harvest Darált mák,
Carloni - cucina nobile Mozzarella,
Bella Fagylaltöntet,
Cucina nobile - enjoy free! Zöldségtészta,
Azon melegében Kemencés sokmagvas vekni,
Kronenbourg,
Hola! Serrano sonka,
Alpenmark Sajtsnack,
Regione che vai Bivalymozzarella,
Azon melegében Túrós táska,
Kakaókrém mogyoróval,
Csabai páros kolbász,
Nature's gold Savanyú káposzta,
Sága Füstli,
Choceur Csokoládé maltittal,
Cucina nobile Grana Padano,
Piroska Szörp,
Rauch Juice Bar,
Primana Levesek,
Buonora - enjoy free! Gluténmentes nápolyi,
"Happy harvest San Andrea rizottórizs, 5 kg",
Vitaflora Graham liszt,
Milfina Kefir,
Moments Ostyaszelet,
Nature's gold Vegyes vágott savanyúság,
Zott Jogobella joghurt vagy Jogobella 0 % joghurt,
Uzsonnasonka,
Le gusto Majonéz vagy remuládmártás,
Good choice Mediterrán antipasti,
Choceur Mini csokoládés habcsók,
Folio Frissentartó fólia,
Carloni - cucina nobile Spagetti,
Füstölt comb,
Sweetvalley Erdei gyümölcs vagy eper,
Zöldséges vagy sajtos baromfipárizsi,
Milfina Edámi sajt,
"Valdor Friss, egész pecsenyekacsa",
Karlskrone Búzasör,
Danone Actimel joghurtital,
Sertéspárizsi,
Valdor Friss pecsenyekacsa levescsomag,
Almare seafood Tonhalfilé,
Császár Eperlevél,
Milfina Krém-tehéntúró,
Fair&gut Mein Landkäse,
"Bravos Őrölt, pörkölt kávé",
Snack fun Hummuschips,
O.b. ProComfort tampon,
Finest bakery Magvas sütemény,
Császárszalonna,
Gartengold Brokkolis mix,
Le gusto Ételízesítő,
Romeo select XXL snackbox kutyáknak,
Füstölt csülök,
Vérnarancs,
Villány Portugieser,
Jägermeister,
Sertésfelvágott,
Brado Kézfertőtlenítő,
Fratellini Hugo Frizzante,
Pick Viaszos borjúmájas,
Balaton Laposa Prizma,
Gourmet Sajtkészítmény szarvasgombával,
Gourmet Rizs,
Prosecco frizzante,
Happy harvest Basmati rizs,
Jonagold alma,
Floriol Finomított étolaj,
Snack fun Burgonyapálcikák,
Azon melegében Pekándiós párna,
Müller Joghurt Cremoso,
Grandessa Lekvár,
Nutoka Mogyorókrém,
Kokárdás Vödrös tejföl,
Balatonboglár Kristinus,
Baromfivirsli,
Président Camembert,
Cerbona Disney Cornflakes,
Coca-cola vagy coca-cola zero vagy zero lemon vagy light vagy fanta narancs vagy fanta narancs zero vagy sprite,
Kokárdás Élőflórás gyümölcsös krémjoghurt,
Cucina nobile Balzsamecetkrém,
Kokárdás Kancsós tej,
Nature's gold Fokhagymagerezd,
Húsmester Sertéskaraj,
Président Szeletelt sajt,
Day up Kókuszos desszert to go,
Alpenmark Laktózmentes szeletelt sajt,
Pure fruits Alma- és céklalé,
Snack fun Krékermix,
Bellasan Margarin növényi zsírral,
Sweet valley Aszalt szilva,
Edelweiss Világos búzasör,
Gösser NaturRadler,
Alive Pálcikás jégkrém,
Milfina Kávékrémpor,
Pécsi sörfőzde Prémium lager sör,
Kotányi Fűszermalom,
Milfina Fűszeres sajtkoszorú,
Primana Egytálétel,
Gullón Rostdús keksz,
Cappy Narancslé vagy őszibaracklé,
Húsmester Sertés gulyáshús,
Csemege vagy paprikás szalámi,
Duna-tisza közi Irsai Olivér,
Húsmester Sertéskörömpörkölt-csomag,
Pannon Lajvér Aura Cuvée,
Bbq Csirkegrilltál,
Snack fun Salsa szósz,
Almare seafood Füstölt lazac,
"Bbq Mini-hamburgerzsemle, 8 darab",
Pombär Burgonyasnack,
Azon melegében Pizza,
Nature's gold Vörösbab,
"Solo Illatos papír zsebkendő, dobozos",
Carloni Sűrített paradicsom,
Beef royal Marhasteak,
Vastagkolbász,
Cucina nobile Dél-olasz tésztakülönlegesség,
Finest bakery Töltött nudli,
Grandessa - enjoy free! Laktóz- és gluténmentes jégkrém,
Snack fun - enjoy free! Puffasztott rizs- vagy búzaszelet,
Amaroy Kávé Mocca,
Bbq Ketchup,
Karlskrone Világos sör,
"Solo Papír zsebkendő, dobozos",
Taste of america - american Omlós keksz csokoládédarabokkal,
Old coach road Sauvignon Blanc,
Milfina Rögös túró,
Nádudvari Zsírszegény túró vagy félzsíros túró,
Frissen a péktől E-mentes kenyér,
Nature's gold Szeletelt gomba,
Pick Pickolino Hot Dog,
Kokárdás UHT főzőtejszín,
Hungaria Extra Dry vagy Rosé,
Milfina Élőflórás gyümölcsös krémjoghurt,
Lomee Dijoni mustár vagy rotisseur mustár,
Gösser Natur Zitrone,
Cucina nobile Gnocchi vagy tortelloni,
Happy harvest Rizskása,
Just veg! Vegetáriánus szendvicsfeltét,
Krusovice Világos sör,
Mackó Tömlős sajt,
Milfina Élőflórás joghurt „görög recept” alapján,
Pannónia Darabolt ementáli,
Pannónia Szeletelt ementáli,
Sió Light gyümölcslé,
Soproni Málna ALE,
Staropramen Barna sör,
Hell Energiaital,
Tic tac Cukordrazsé,
Amaroy Kávé 3 az 1-ben vagy 3 az 1-ben barna cukorral vagy 2 az 1-ben,
Csirkefalatok,
Well active Sportital,
Goldland Retro bélszínroló,
Primana Chilis bab,
Storck Nimm 2,
Happy harvest Teljes kiőrlésű búzaliszt,
Multinorm Gumivitamin gyermekeknek,
Romeo excellence Száraz kutyaeledel,
Primana Lencsés egytálétel,
Villa gatti Chardonnay,
Finest bakery Csokis tallér,
Pöttyös Laktózmentes túró rudi,
Taste of america Omlós keksz csokoládédarabokkal,
Toro loco Reserva,
Pisztáciás donut fánk csokoládécsíkokkal,
Grandessa Tölcséres jégkrém,
Primana Sajtsnackválogatás,
Császár Tarhonya,
Natur aqua Szénsavas üdítőital,
Tandil WC Power blokk,
Húsmester Csirkemellfilé,
Lomee Majonéz vagy remuládmártás,
Azon melegében Pizzás csiga,
Nature's gold Vegyes gombakeverék,
Babapiskóta vagy piskótatallér,
Primana Mexikói bab egytálétel,
Húsmester Pulykamellfilé,
Dolce nobile Olasz desszert,
Húsmester Marhalábszár,
Baromfipárizsi vagy füstös ízű pulykapárizsi,
Császár Cérnácska,
Happy harvest Diófélék,
Görögdinnye,
Karaván Szeletelt füstölt mozzarella,
Tandil Mosogatógéptisztító- és -ápolószer,
Balaton szelet,
Tavaszi csirkemell csemege,
Kaznacheyskaya Eredeti orosz vodka,
Idared alma,
Duo'r Különféle desszertek,
Natur aktiv Bio mandulás krém vagy kókuszkrém vagy zabkrém,
Pick Sertés darált hús,
Húsmester Sertés-marha darált hús,
Milfina Kenhető friss sajt,
Reno Kutyaeledel,
Mr. perkins Csipkebogyótea,
Sweet valley Szeletelt ananász,
Húsmester Sertés húsos csont,
Almare seafood Füstölt szivárványos pisztrángfilé,
Amaroy Espresso Classico vagy Grande Selezione vagy Crema szemes kávé,
Nature's gold Franciasaláta- vagy Mexikói zöldségkeverék,
Cis Tengeri finom só,
Milfina - enjoy free! Laktózmentes vaj,
Hofburger Kasländer szeletelt sajt,
Alpenmark Creme Noblesse,
Bona vita Tönkölybúzapehely,
Haribo Gumicukorka vagy habcukorka,
Meine käsetheke Darabolt sajt,
Milfina Sajtkrém,
Dr. oetker Eredeti pudingpor,
Bon appetit! Édes sütemény,
Ferrero Nutella B-ready,
New lifestyle Joghurtital,
Bon appetit! Mini bagett vagy bagett,
Montmeyrac white,
Choceur Csokoládés mazsola,
Le gusto Darált paprika,
Azon melegében Sajtos-vöröshagymás kocka,
Just veg! Vegán zöldséges golyók,
Kokett Nedves toalettpapír deluxe,
Pains au chocolat,
Natur aktiv Bio gyümölcspüré,
Snack fun Sajtos tallér,
Cheddar,
Alpro Pörkölt mandulaital,
Tokaj Pajzos Furmint,
Karaván sajt,
Azon melegében Kakaós csiga,
Pulyka páros kolbász,
Snack fun Pisztácia,
Milfina - enjoy free! Laktózmentes habtejszín,
Császár Dörzstarhonya vagy cérnácska,
Tokaj Eleven,
Le gusto Torma,
Azon melegében Mini olívás bagett,
"Főtt, füstölt tarja",
Tandil Mosogatógép-tabletta All-In-One,
Frissen a péktől - new lifestyle Szénhidrátcsökkentett cipó,
Szarvasi mozzarella Mozzarella-snack,
Milfina Főzőtejszín,
Gullón Szendvicskeksz,
Finest bakery Palazzo vajas keksz,
Milfina Prémium gyümölcsjoghurt,
Bella Mandula,
Happy harvest Müzli,
Primis Parmigiano Reggiano,
Farm tojás UV-C fénnyel kezelt tojás,
Chio Stickletti pálcika,
Naturland Omega-3 halolaj kapszula,
Milfina - new lifestyle Joghurtos ital,
Gyulai Pároskolbász,
Eger Merlot,
Húsmester Hártyázott sertéskaraj,
Sweet valley Erdei gyümölcs,
Szarvasi mozzarella Mozzarella Snack,
Grandessa Fagylaltöntet,
Azon melegében Rusztikus buc,
Szentkirályi Ásványvíz,
Pringles Burgonyasnack,
Milfina - enjoy free! Laktózmentes ESL tej,
Tandil Mosogatógép-tisztító szer,
Shah Macskaalom,
Milfina Lágysajt,
Dunántúl Rosé Cuvée,
Bon appétit! Sokmagvas mini bagett vagy bagett,
Nature's gold Morzsolt csemegekukorica,
Happy harvest Müzliszelet,
Gösser Világos sör,
Fuzetea,
Amaroy Kávé 3 az 1-ben vagy,
Snack fun Sós pálcika vagy sós perec,
Villány Shiraz,
Milfina Holland gouda sajt,
Darálós keksz,
Balatonboglár Kristinus Cuvée,
Ferrero Giotto,
Rio mare Paté tonhalpástétom vagy lazacpástétom,
Herbária Gyógynövénytea-válogatás,
Natur aktiv Bio juharszirup,
Sweet valley Aszalt gyümölcs,
Natur aktiv Ajurvédikus bio tea,
Milfina Nemzetek joghurtja,
"Schär Pan Blanco gluténmentes, fehér vekni",
Tandil Finommosószer,
Narancs,
Csirkemellsonka,
Húsmester Sertéscomb,
Vodka,
Fűszeressonka-variációk,
Almare seafood Heringfilé szószban,
Pom-bär Burgonyasnack,
Bella Szeletelt mandula,
Lenor Öblítő,
Le coq Fadobozos francia camembert sajt,
Golden alma,
Pécsi sörfőzde Prémium Lager sör,
Bella Fűszermalom,
Szavo Penész elleni spray,
Kokárdás Élőflórás gyümölcsös joghurt,
Panírozott csirkemellfilé,
Azon melegében Sajtos pogácsa,
Nature's gold Töltött burgonyatáska,
Kokárdás Ömlesztett cikkelyes sajt,
Bella Darált dió,
Kokárdás UHT tej,
Gyulai vagy csabai szárazkolbász,
Azon melegében Zsíros cipó,
Tandil Speciális mosószer,
Száraz kutyaeledel,
Parmalat Dolce túródesszert,
Tandil Folyékony mosószer,
Mentos Cukordrazsé,
Eger Rosé Cuvée,
Pasta nobile Olasz készétel,
Happy harvest Pisztácia,
Győri Pilóta vaníliás ízű karika,
Azon melegében Tepertős hatszög,
Kinder Tejszelet,
Császár Boglyas szélesmetélt,
Vadszalámi,
Wawi Rizses tej- vagy fehér csokoládé,
Milfina - enjoy free! Laktózmentes tehéntúró,
Amaroy Bécsi kávé,
Happy fruits Nektár,
Azon melegében Pizza twister,
Nescafé Instant kávé,
Wawel Cukormentes csokoládé,
Ferrero Mon Cheri,
Milfina Vajkrém,
Amaroy Szemes kávé,
Azon melegében Ciabatta,
Kinder Cards,
Happy harvest Eritrit,
Primana Sólet,
Suprawisch Nedves törlőkendő,
Koktélparadicsom,
Finest bakery Vegyes aprósütemény vagy töltött ostya,
Happy harvest Magvak,
Folio Mélyhűtőtasak,
Finest bakery Édes aprósütemények,
Béres C-vitamin 1 000 mg,
Győri Korpovit keksz,
Csemege vagy paprikás rúd,
Kalocsai Fűszerpaprika,
Disznótoros mix,
Alpro Növényi ital,
Kokett Konyhai törlőkendő,
Good choice Lasagne,
Nestle Gabonapehely,
Almare seafood Halrudacska filéből,
Pöttyös Guru,
Happy fruits Meggynektár,
Jar Mosogatószer,
Romeo Jutalomfalat kutyáknak,
Almare seafood Dán tengeri kagyló,
Finest bakery Karamellás ostyaszeletek,
Finest bakery Omlós sütemény,
Finest bakery Kókuszcsók,
Finest bakery Knuspi töltött ostya,
Étcsokoládé vagy földimogyorós tejcsokoládé,
Tésztaszósz,
Marhasonka,
Landliebe Réteges joghurt,
Choceur Töltött tejcsokoládé szeletek,
Azon melegében Bádeni kifli,
Húsmester Pulykatokányhús,
Danone Oikos görög joghurt,
Nature's gold Zöldborsó,
Pure fruits Préselt gyümölcslé,
Natur aktiv Bio tojás,
Húsmester Csirkecomb,
Douwe egberts Omnia Classic,
Cerbona XXL müzli,
Milfina - new lifestyle Tejszínhabspray,
Badacsony Laposa Prizma,
Magyar UHT tej,
Happy harvest Lencse,
Azon melegében Mini sajtos-tejfölös lángos,
Pickwick Tea,
Pure fruits Ananászlé,
Dr. oetker Creme Vega,
Snack time Ínyenc salátatál,
Moser roth Prémium csokoládé,
Karlskrone Radler,
Finest bakery Vajas ostya,
Almare seafood Zöldséges tonhal,
Schogetten Csokoládékockák,
Tihany Camembert,
Dolce nobile Tiramisupiskóta,
Chio Burgonyachips,
Snackfun Vegyes csemegeválogatás,
Baromfirúd,
Finest bakery Töltött ropogós kekszszelet,
Moser roth FAIRTRADE csokoládé,
Finest bakery Kuglóf,
Finest bakery Teasütemény,
Milfina Sajtválogatás,
Milkana - karaván Szeletelt sajt,
Choceur Marcipántallér,
Enjoy free! - azon melegében Glutén- és laktózmentes sajtos stangli,
Húsmester Sertésoldalas,
Húsmester Csirkefelső vagy csirkealsócomb,
Miflina ESL tej,
Alpro Greek Style,
Ostyarúd,
Om Spielberger vagy Murauer sajt,
Taste of america Hamburger húspogácsa,
Finest bakery Prémium omlós sütemény,
"Milfina Trappista sajt, szeletelt",
Aviko Churros,
Cucina Tésztaspecialitás,
Snack fun Pörkölt kesudió,
Snack fun Twisted Sticks – Vajas rúd,
Goldland Töltött csirkemell,
Sweet valley Aszalt vörös áfonya,
Kokett Toalettpapír,
Nature's gold Franciasalátakeverék,
Milfina Szeletelt gouda sajt vagy szeletelt sajtmix,
Sárgadinnye,
Húsmester Pulykanyak,
Nusett Kókuszzsír,
Amaroy Őrölt kávé,
Vital fruits ACE / BCE üdítőital,
Romeo Száraz kutyaeledel,
Milfina Crisp-joghurt,
Finest bakery Csokoládés ostyarudak,
Snack fun Vegyes csemegeválogatás,
Snack fun Burgonyaszirom,
Happy harvest - enjoy free! Gluténmentes liszt,
Császár Makaróni,
Húsmester Grillcsirke,
Amaroy Kávé Gold,
Brado life Kézfertőtlenítő gél,
Violife Natúr vegán tömb,
Fruity juice Frissen préselt vegyes gyümölcslé,
Mr. perkins Prémium gyümölcstea,
Happy harvest Zabszelet,
Sweet valley Aszalt sárgabarack,
Choceur Noir étcsokoládé,
Sweet valley Almapüré,
Ritter sport Táblás csokoládé,
Kaliforniai paprika,
Milfina Trappista sajt,
Choceur Rum-kókusz golyók,
Azon melegében Burgonyás-sütőtökös ciabatta,
Sweetvalley Meggybefőtt,
Forralt bor,
Vegeta,
Listerine Szájvíz,
Crane Proteinszelet,
Boci Csokoládé,
Wrigley Orbit rágógumi,
Csibemájas,
Milkana Pannónia sajt,
Alpro Rizs főzőkrém,
Nestlé Szénsavmentes vagy szénsavas ásványvíz,
Finest bakery Reggelizőkeksz,
Belgian Trüffel,
Hola! Spanyol olívabogyó,
Grandessa Áfonya extradzsem,
Milfina Füstölt sajtszeletek,
Húsmester Sertésszűzpecsenye,
Carloni Tésztaszósz,
Le gusto Levesgyöngy,
Tandil Színmegóvó vagy fehérítő kendő,
Finest bakery Vaníliás karika,
Csirkeszárny,
Choceur Mini csokoládés banán,
"Alpro Kókuszital, 4 l",
Solo Papír zsebkendő,
Azon melegében Bejgli,
Mini sertésmájas,
Milfina Túródesszert,
Pöttyös Kakaós tej,
Tandil Mosókapszula,
Mr.perkins Bio gyógynövénytea,
Grandessa Meggy vagy sárgabarack extradzsem,
Grandessa Szilva extradzsem,
Rio mare Paté soft pástétom,
Vital fruits Light multivitaminnektár,
"Kokett Papír zsebkendő, dobozos",
Húsmester Sertéslapocka,
Bbq Fűszerolaj-válogatás,
Globus Vágott vajbab,
Császár Dörzstarhonya,
Szekszárd Mészáros Suttogó,
Gála alma,
Milfina Tejszínhabspray,
Milfina Mascarpone,
Storck Toffifee,
Carefree Tisztasági betét,
Nature's gold Fehér bab,
Milfina - enjoy free! Laktózmentes tejföl,
Haribo Gumicukor,
Orbit Dobozos rágógumi,
Lyttos Pita,
Azon melegében Bajor perec,
Nature's gold Parajkrém,
"Verbena C-vitaminos, töltött 99Ft keménycukorka",
Tandil soft Öblítő,
Carloni Pesto,
Bellasan Olívaolaj,
Sió Őszibarack- vagy kajszibarackital,
Verbena Gumicukor,
Pick Darált sertéshús,
Solo Toalettpapír,
Sweet valley Magozott meggy,
Nesquik Kakaóitalpor,
Somersby Cider almabor,
Tandil Mosogatógép-tisztító tabletta vagy -illatosító,
Nature's gold Fehérbab,
Amaroy Kávé 3 az 1-ben vagy 3 az 1-ben barna cukorral vagy,
Pure fruits Szűretlen gyümölcslé,
Pick Sertéslapocka gulyáshús,
Romeo excellence Prémium kutyaeledel,
Grandessa Mogyorókrém,
Bellasan Tökmagolaj,
Finest bakery Gesztenyepüré,
Danone Activia joghurt,
Müller Riso tejberizs,
Good choice Tortelloni,
Balatonboglár Bujdosó Sirály Merlot,
Haribo Gumicukor vagy habcukorka,
Nature's gold Savanyúság-válogatás,
Tictac Cukordrazsé,
Panírmorzsa,
Amaroy Coolpresso jegeskávé,
Milfina Traunsteini füstölt sajt,
Azon melegében Bon appetit bagett,
Biotech usa Zero Bar proteinszelet,
Bitter lemon vagy gyömbér vagy tonic,
Kolozsvári szalonna,
Szeletelt bacon,
Milka Táblás csokoládé,
Happy harvest Gyümölcsszelet,
Nature's gold Vörös káposzta,
Primana Melegszendvicskrém,
Húsmester Pulyka darált hús,
Solo Nedves toalettpapír,
Nature's gold Édesburgonyahasábok,
Almare seafood Hekkfilé,
Happy harvest Kenyérlisztkeverék,
Finest bakery Fine Sensation ostyaszelet,
Nature's gold Csemegeuborka,
Topix Macskaeledel,
American Kekszkrém,
Almondy Gluténmentes torta,
Cucina nobile Prosciutto Cotto,
Whiskas Alutasakos macskaeledel,
Happy harvest Ropogós müzli,
Béres Magnézium+B6,
Bon appétit! Mini bagett vagy bagett,
Balconi Csokoládéval bevont piskótaszelet,
Karlskrone Szűretlen radler,
Sweetvalley Aszalt szilva,
Milli Főzőtejszín,
Desira Reszelt keménysajt,
Citromízű vagy kakaós krémmel töltött ostya,
Shah Macskaeledel,
Verbena Töltött keménycukorka,
Golden seafood Halrudacska,
Aquitas Ásványvíz,
Kométa Étkezési sertészsír,
Carloni - asia Tésztaétel,
Auto xs Téli szélvédőmosó,
Grandessa Extradzsem,
Medve Cikkelyes ömlesztett sajt,
Töltött szélű pizza,
Ferrero Raffaello,
Carloni Aprított paradicsom,
Pick Pickolino virsli,
Shah excellence Macskaalom,
Shah excellence Macskaeledel,
Azon melegében Craft-buci,
Azon melegében Rétes,
Mentos Mint & Choco,
Bon appetit! Francia szalámi,
Cucina nobile Pesto,
Kokárdás Natúr rudi,
Sweet valley Meggybefőtt,
Wildbrunner Jagdbitter keserűlikőr,
Cucina nobile Pizza,
Frankfurti vagy koktél frankfurti virsli,
Enjoy free! - édes ízek Gluténmentes tekercs,
Finest bakery Édes teasütemény,
Pasta nobile Tortelloni,
Toblerone Svájci tejcsokoládé,
Azon melegében Vajas croissant,
Wrigley Orbit dobozos rágógumi,
Eger Ostoros Bag in box,
"Alpro Mandulaital, 4 liter",
Magnum Pálcikás jégkrém,
Azon melegében Fahéjas csiga,
Solo Konyhai törlőkendő,
Finest bakery Crunchy Granola Bites,
Kométa Téliszalámi,
Villány Cabernet Sauvignon,
Nestle Fruttolo,
Wawel Karamellás csokoládészelet,
Mylove Bugyipelenka,
Choceur Csokoládé,
Storck Werther’s Original,
Mokate Forrócsokoládé-italpor,
Bonduelle Lencse,
Kokárdás Féltartós habtejszín,
Heineken Világos sör,
Győri édes Albert keksz,
Győri Pilóta keksz,
Sweetvalley Őszibarackbefőtt,
Azon melegében Kovászos bagett,
Villány Vylyan Cabernet Franc,
Folio Alufólia,
"Pöttyös Túró rudi, 5 darab",
Müller Tejital,
Kókuszrúd,
Naturland Lándzsás útifű szirup C-vitaminnal,
Apice Aperitivo Italiano,
Le gusto Instant leves,
Kitkat Chunky,
Pick Sertés darálthús,
Folio Szemeteszsák zárószalaggal,
Ombia Aroma-fürdősó,
Kokárdás Háromnegyed zsíros vaj,
Szénhidrátcsökkentett cipó,
Le gusto Ínyenc szósz,
Bon appétit! Tejes zsemle,
Minos Görög olívaolaj,
Gyulai vagy csabai kolbász,
Casa romantica Olasz sajtválogatás,
Finest bakery Kókuszos sütemény,
Happy harvest Kesudió,
Azon melegében Barackos-vanília- pudingos párna,
Almare seafood Tonhalfilé napraforgóolajban,
Pannon Cserszegi Fűszeres,
"Húsmester Friss, egész pecsenyekacsa",
Kinder Choco Fresh,
Biscotto Mogyorókrémes ostyaszelet,
Finest bakery Knuspi mogyoró- és tejkrémes ostya,
Storck Knoppers,
Azon melegében Medvehagymás pogácsa,
Cucina nobile Grissotti,
Kutyaeledel,
Luis felipe edwards Cabernet Sauvignon,
Solo - kokett Toalettpapír,
Desira Márkázott vaj,
Gartengold Zöldborsó,
Citromos jegestea,
Zaranoff Vodka,
Nature's gold Ecetes cékla,
"Lór Kávékapszula, 10 darab",
Kométa Ínyenc téliszalámi,
Villány Cabernet Sauvignon vagy Cabernet Franc vagy Pinot Noir,
Azon melegében Baconös kenyérlángos,
Boonekamp Gyomorkeserű,
Milfina Natúr joghurt,
Almare seafood Tonhal olívaolajban,
Natur aktiv Bio mogyoróskakaós krém,
Azon melegében Rusztikus buci,
Édes ízek Fonott kalács,
Tolna Irsai Olivér,
Just veg! Vegetáriánus vagy vegán burger,
Friss pecsenyekacsa levescsomag,
Grandessa Jégkrémszendvics,
Húsmester Sertéstarja,
Bella Mazsola,
Azon melegében König Ludwig cipó,
Choceur Salzburgi Mozart-golyók,
Kokárdás Natúr joghurt,
Szekszárd Twickel Kajmád,
Libazsír vagy kacsazsír,
Valdor Friss pecsenyekacsa comb,
Azon melegében Teljes kiőrlésű PurPur,
Birra moretti,
Azon melegében Natúr rombusz bagett,
Milfina Osztrák sajtkülönlegesség,
Mátra Irsai Olivér,
Uncle ben's Mártás,
Sweet valley Őszibarackbefőtt,
Milfina - enjoy free! Laktózmentes trappista sajt,
Grandessa Duo-krém,
Frissen a péktől - new life style Szénhidrátcsökkentett cipó,
Haribo Gumicukor vagy gumimaci vagy habcukorka,
Happy harvest Gabonapárnácskák,
Tomi Folyékony mosószer vagy mosópor,
Azon melegében Rozsos buci,
Nature's gold Panírozott zöldségek,
Mátra Olaszrizling,
Azon melegében Teljes kiőrlésű fitt szilvás táska,
Haribo Gyümölcsös gumicukor,
Coca-cola vagy coca-cola zero vagy fanta vagy fanta zero,
Lyttos - enjoy free! Laktózmentes görög feta sajt,
Azon melegében Diós zsemle,
Baromfiszelet vagy pulykaszelet,
Enjoy free! - azon melegében Glutén- és laktózmentes túrós párna,
Snack fun Barnarizs-chips,
Rio mare Tonhal olívaolajban,
Cucina nobile Szárított paradicsom vagy grillezett articsóka,
Dr. oetker Szárított rozskovász,
Dab Világos lager sör,
Milfina ESL tej,
Eger Bikavér,
Folio Szemeteszsák füllel,
Kométa Bécsi virsli,
Győri Dörmi,
Asia Kókusztej,
Coca-cola vagy coca-cola zero,
Kitkat Bites,
Danone Oikos Édes kettes,
Happy harvest - enjoy free! Gluténmentes szelet,
Grandessa Prémium pálcikás jégkrém,
Édes ízek Bejgli,
Dán szalámi,
Vino frizzante igt,
Xixo Jeges Tea,
Ferrero Nutella mogyorókrém,
Csokoládészelet,
Almtaler Gyógynövénylikőr,
Laskagomba,
Almare seafood Tonhalfilé natúr,
Tolle ESL tej,
Rama Margarin,
Zala felvágott,
Cucina nobile Picco Belli mini pizza,
Crane Szénhidrátcsökkentett proteinszelet,
Bbq Ajvár,
San benedetto Szénsavas üdítőital,
Császár Szarvacska,
Győri Pilóta piskótatallér,
Apenta Vitamixx,
Nádudvari Laktózmentes házias körözött,
Sweetvalley Darabolt ananász,
Happy harvest Natúr magkeverék,
"Pöttyös Túró rudi, 10 darab",
Almare seafood Tonhal,
Mátra Pinot Grigio Blush,
Húsmester Marha darált hús,
Univer Szamuráj szósz,
"Milfina Gouda sajt vagy laktózmentes, holland gouda sajt",
Sensodyne Fogkrém,
Choceur - chateau Alkoholos praliné,
Folio Sütőpapír,
Primana Leves,
Natur aktiv Bio zabkrém,
Azon melegében Pikáns melegszendvics,
Páros kolbász,
Kokárdás Rögös túró,
Danone Activia reggeli,
Rio mare Tonhal vagy tonhalsaláta,
Csirkemell- vagy pulykacombsonka,
"Füstölt, főtt tarja vagy csemege karaj",
Szörp,
Lorenz WOW chips,
Haas Pezsgőtabletta,
Happy harvest Mandula,
Enjoy free! Gluténmentes keksz,
Magnum Mini multipack pálcikás jégkrém,
Csirke- vagy pulykamellsonka,
Persil Mosópor vagy folyékony mosószer,
Hummus csicseriborsópüré,
Pringles Tortillachips,
Natur aktiv Bio kölesgolyó,
Milfina Trappista vagy füstölt trappista vagy edámi sajt,
Zott Jogobella 0% joghurt,
Svéd süteménykülönlegesség,
"Milfina Ömlesztett, cikkelyes sajt",
Meierkamp Réteges gyümölcsös krémjoghurt,
Szekszárd Merlot Rosé,
Soave,
Pure fruits Almalé,
"Kokett XXL Toalettpapír, 20 tekercs",
Milfina Kaukázusi kefir,
Kacsatepertő,
Le gusto Gyümölcslevespor,
Snack kolbász,
Tokaj Sárgamuskotály,
Salátamix,
Pöttyös Óriás túró rudi,
Baromfivirsli csirkemellel,
Füstölt bécsi pulykavirsli,
Kometa Bécsi virsli,
Nature's gold Csicseriborsó,
Fa Tusfürdő,
Pantastico! Hamburgerzsemle vagy hot dog kifli,
Pöttyös Fitt túró rudi,
Poco loco Lágy tortilla,
Sport szelet,
Győri édes Zabfalatok,
Univer Remoulade szósz,
Csemege debreceni,
Tonic,
Csirke frankfurti vagy sajtos csirke frankfurti,
Taste of america Csirkemellcsíkok,
Medve Szeletem sajtszeletek,
Diákcsemege,
Backetteria Leveles tészta,
Grandessa Mini tölcséres jégkrém,
Le gusto Burgonyapüré,
Shah excellence Prémium macskaeledel,
Villány Vylyan Cabernet Sauvignon,
Almare seafood Ínyenc halfilé,
Vagdalt,
Zott Jogobella light joghurt,
Azon melegében Magvas fonottka,
Ariel Koncentrált folyékony mosószer,
Tandil Regenerálósó mosogatógéphez,
Illatosított teamécses,
